{"cameraMode":{"drawMode":0,"name":"Shaded","section":"Shading Mode"},"sceneLighting":false,"audioPlay":false,"sceneViewState":{"m_AlwaysRefresh":false,"showFog":true,"showSkybox":false,"showFlares":true,"showImageEffects":true,"showParticleSystems":true,"showVisualEffectGraphs":true,"m_FxEnabled":true},"in2DMode":false,"pivot":{"x":-1.3626198768615723,"y":0.28938543796539309,"z":-3.987617015838623},"rotation":{"x":0.03598349913954735,"y":-0.9470851421356201,"z":0.11356794089078903,"w":0.29827120900154116},"size":16.00069236755371,"orthographic":false}