{"cameraMode":{"drawMode":0,"name":"Shaded","section":"Shading Mode"},"sceneLighting":true,"audioPlay":false,"sceneViewState":{"m_AlwaysRefresh":false,"showFog":true,"showSkybox":true,"showFlares":true,"showImageEffects":true,"showParticleSystems":true,"showVisualEffectGraphs":true,"m_FxEnabled":true},"in2DMode":false,"pivot":{"x":772.1927490234375,"y":-0.6133072376251221,"z":134.52139282226563},"rotation":{"x":0.16888335347175599,"y":0.5298802852630615,"z":-0.10876260697841644,"w":0.8241807818412781},"size":1.5819640159606934,"orthographic":false}