{"cameraMode":{"drawMode":0,"name":"Shaded","section":"Shading Mode"},"sceneLighting":true,"audioPlay":false,"sceneViewState":{"m_AlwaysRefresh":false,"showFog":true,"showSkybox":true,"showFlares":true,"showImageEffects":true,"showParticleSystems":true,"showVisualEffectGraphs":true,"m_FxEnabled":true},"in2DMode":false,"pivot":{"x":772.6267700195313,"y":4.551000595092773,"z":135.8476104736328},"rotation":{"x":-0.0014744108775630594,"y":0.9962000846862793,"z":0.012510519474744797,"w":0.08843813091516495},"size":0.8660253882408142,"orthographic":false}