{"cameraMode":{"drawMode":0,"name":"Shaded","section":"Shading Mode"},"sceneLighting":false,"audioPlay":false,"sceneViewState":{"m_AlwaysRefresh":false,"showFog":false,"showSkybox":false,"showFlares":false,"showImageEffects":false,"showParticleSystems":false,"showVisualEffectGraphs":true,"m_FxEnabled":true},"in2DMode":false,"pivot":{"x":1.1920928955078126e-7,"y":1.1575686931610108,"z":0.02094632387161255},"rotation":{"x":0.00020814279559999704,"y":0.9998266100883484,"z":0.006588059011846781,"w":-0.023051537573337556},"size":2.1151123046875,"orthographic":false}